{"cameraMode":{"drawMode":0,"name":"Shaded","section":"Shading Mode"},"sceneLighting":true,"audioPlay":false,"sceneViewState":{"m_AlwaysRefresh":false,"showFog":true,"showSkybox":true,"showFlares":true,"showImageEffects":true,"showParticleSystems":true,"showVisualEffectGraphs":true,"m_FxEnabled":true},"in2DMode":false,"pivot":{"x":22.39398193359375,"y":14.39901065826416,"z":-19.059471130371095},"rotation":{"x":0.19970783591270448,"y":-0.4005308747291565,"z":0.08990349620580673,"w":0.8897267580032349},"size":0.8660253882408142,"orthographic":false}